<?xml version="1.0"?>
<doc>
    <assembly>
        <name>MediaTek86</name>
    </assembly>
    <members>
        <member name="F:MediaTek86.bddmanager.BddManager.instance">
            <summary>
            Singleton : connexion à la base de données et exécution des requêtes
            </summary>
            <summary>
            instance unique de la classe
            </summary>
        </member>
        <member name="F:MediaTek86.bddmanager.BddManager.connection">
            <summary>
            objet de connexion à la BDD à partir d'une chaîne de connexion
            </summary>
        </member>
        <member name="M:MediaTek86.bddmanager.BddManager.#ctor(System.String)">
            <summary>
            Constructeur pour créer la connexion à la BDD et l'ouvrir
            </summary>
            <param name="stringConnect">chaine de connexion</param>
        </member>
        <member name="M:MediaTek86.bddmanager.BddManager.GetInstance(System.String)">
            <summary>
            Création d'une seule instance de la classe
            </summary>
            <param name="stringConnect">chaine de connexion</param>
            <returns>instance unique de la classe</returns>
        </member>
        <member name="M:MediaTek86.bddmanager.BddManager.ReqUpdate(System.String,System.Collections.Generic.Dictionary{System.String,System.Object})">
            <summary>
            Exécution d'une requête autre que "select"
            </summary>
            <param name="stringQuery">requête autre que select</param>
            <param name="parameters">dictionnire contenant les parametres</param>
        </member>
        <member name="M:MediaTek86.bddmanager.BddManager.ReqSelect(System.String,System.Collections.Generic.Dictionary{System.String,System.Object})">
            <summary>
            Execution d'une requête de type "select"
            </summary>
            <param name="stringQuery">requête select</param>
            <param name="parameters">dictoinnaire contenant les parametres</param>
            <returns>liste de tableaux d'objets contenant les valeurs des colonnes</returns>
        </member>
        <member name="F:MediaTek86.dal.Access.connectionString">
            <summary>
            chaine de connexion à la bdd
            </summary>
        </member>
        <member name="F:MediaTek86.dal.Access.instance">
            <summary>
            instance unique de la classe
            </summary>
        </member>
        <member name="P:MediaTek86.dal.Access.Manager">
            <summary>
            Getter sur l'objet d'accès aux données
            </summary>
        </member>
        <member name="M:MediaTek86.dal.Access.#ctor">
            <summary>
            Création unique de l'objet de type BddManager
            Arrête le programme si l'accès à la BDD a échoué
            </summary>
        </member>
        <member name="M:MediaTek86.dal.Access.GetInstance">
            <summary>
            Création d'une seule instance de la classe
            </summary>
            <returns></returns>
        </member>
        <member name="M:MediaTek86.Program.Main">
            <summary>
            Point d'entrée principal de l'application.
            </summary>
        </member>
        <member name="F:MediaTek86.view.FrmAuthentification.components">
            <summary>
            Required designer variable.
            </summary>
        </member>
        <member name="M:MediaTek86.view.FrmAuthentification.Dispose(System.Boolean)">
            <summary>
            Clean up any resources being used.
            </summary>
            <param name="disposing">true if managed resources should be disposed; otherwise, false.</param>
        </member>
        <member name="M:MediaTek86.view.FrmAuthentification.InitializeComponent">
            <summary>
            Required method for Designer support - do not modify
            the contents of this method with the code editor.
            </summary>
        </member>
        <member name="T:MediaTek86.view.FrmPersonnel">
            <summary>
            Formulaire de gestion du personnel.
            </summary>
        </member>
        <member name="M:MediaTek86.view.FrmPersonnel.#ctor">
            <summary>
            Initialise une nouvelle instance de la classe <see cref="T:MediaTek86.view.FrmPersonnel"/>.
            </summary>
        </member>
        <member name="F:MediaTek86.view.FrmPersonnel.components">
            <summary>
            Required designer variable.
            </summary>
        </member>
        <member name="M:MediaTek86.view.FrmPersonnel.Dispose(System.Boolean)">
            <summary>
            Clean up any resources being used.
            </summary>
            <param name="disposing">true if managed resources should be disposed; otherwise, false.</param>
        </member>
        <member name="M:MediaTek86.view.FrmPersonnel.InitializeComponent">
            <summary>
            Required method for Designer support - do not modify
            the contents of this method with the code editor.
            </summary>
        </member>
        <member name="T:MediaTek86.Properties.Resources">
            <summary>
              Une classe de ressource fortement typée destinée, entre autres, à la consultation des chaînes localisées.
            </summary>
        </member>
        <member name="P:MediaTek86.Properties.Resources.ResourceManager">
            <summary>
              Retourne l'instance ResourceManager mise en cache utilisée par cette classe.
            </summary>
        </member>
        <member name="P:MediaTek86.Properties.Resources.Culture">
            <summary>
              Remplace la propriété CurrentUICulture du thread actuel pour toutes
              les recherches de ressources à l'aide de cette classe de ressource fortement typée.
            </summary>
        </member>
    </members>
</doc>
